Number of Bias Files ,Mean Bias Value,Standard Deviation
1,138.30763,8.679114
2,136.91801,6.1536846
3,136.39915,5.0414157
4,136.63864,4.370012
5,136.66328,3.9131937
6,136.81381,3.8077438
7,136.60213,3.5116317
8,136.82251,3.2677524
9,136.919,3.06726
10,137.05476,2.8996816