Exposure Time,Mean,Standard Deviation
10,132.40927,2.7145529
20,131.955,2.7335737
30,133.20865,2.7380116
120,135.06941,2.8086612
300,137.52066,3.0412018
900,145.47276,3.5061822